CNN Compares The Trump Administration To Genocidal Nazi Germany	
Pollster: It's Curious How Biden Underperformed Hillary Clinton In Every City...Except These Four: Milwaukee, Detroit, Atlanta and Philadelphia.	
MSNBC\u2019s exodus to work for Joe Biden shows it\u2019s been shilling for him all along	
Rep. Louie Gohmert, (R-TX): Foreign company had evidence of 'vote switching' -- Server 'seized' by U.S. Army forces after he gave information to President Trump	
Fox\u2019s Wallace: Trump Can\u2019t \u2018Credibly\u2019 Say the Election Was Taken from Him \u2014 No \u2018Serious Fraud\u2019	
An MRC study finds that 4.6% of Joe Biden voters would NOT have voted for him had they known about the Biden family's corrupt business dealings.	
Wisconsin lawsuit seeks to toss 800,00 ballots -- Biden leads by 20,000 votes in state	
Trump Tweet: Our election was hijacked. There is no question. Congress has a duty to #ProtectOurDemocracy &amp; #FollowTheFacts.... oh, wait, that was Nancy Pelosi in 2017.	
BREAKING: President Trump Makes Surprise Appearance As Thousands March In DC To Show Their Support For Him\u2026#MarchForTrump	
Retiring diplomat says defense officials misled Trump on troop count in Syria	
Law Firm That Dropped Trump Advises CCP-Linked Firms, Aided In Outsourcing U.S. Jobs To China	
Media's hiding of Hunter Biden scandal robbed Trump of clear win: Poll	
President Trump wins North Carolina, hits 232 electoral votes	
Thousands flock to DC for pro-Trump rally	
Three Wisconsin Voters Band Together, File Election Lawsuit That Could Give Trump An Easy Win	
Journalist Glenn Greenwald Rips 'The Most Pathological Liar' in Politics and Other Dems for Burying Hunter Biden Fiasco	
South Dakota Gov. Kristi Noem won't comply if Biden pursues national mask mandate	
Hillary Clinton Supporter Alan Dershowitz: 'Trump Will Win the Pennsylvania Lawsuit'	
Trump Team to Call Million Plus Voters about Anomalies in 6 Contested States. \u201cWe\u2019re calling them to confirm whether or not they actually cast the ballot, or if that ballot was cast by somebody else in their name\u201d	
This is disturbing. Facebook removed the title of \u201cPresident\u201d from Donald Trump and designated him as \u201cPolitical Candidate.\u201d Trump is still president and, no matter what happens, will remain so until Inauguration Day	
Plan B? Trump could receive second term from U.S. House in 'contingent election'	
If Media Didn't Think Trump Could Win, It Wouldn't be Targeting his Lawyers	
Trump drives by supporters at DC march	
President Trump Drives by Supporters in DC for 'Million MAGA March'. 'Chants of \u201cUSA! USA!\u201d \u201cWe want Trump! We want Trump!\u201d and \u201cFour more years! Four more years!\u201d could be heard.'	
If All the Fraud Is Uncovered, Trump Will Win -- How do we know? The people who tried to pull off this election heist are drawn from the same swamp as the conspirators in the Russia hoax.	
South Dakota Gov. Kristi Noem Wouldn\u2019t Enforce a Biden National Lockdown	
Trump said the vaccine will be available to everyone by April -- except residents in New York state where the governor has decided not to \u201cfor political reasons.\u201d	
"Trump talks post-election fight: Trump says he's confident he will win the states needed to get to 270 electoral votes, \""Never bet against me.\"""	
Trump wins North Carolina	
Obama's WH Physician Issues Brutal Statement on Biden's Mental Health.	
Gambling sites refuse to call election for Biden, leaving $600 million in limbo	
Trump got more NYC votes in 2020 \u2014 including in the South Bronx	
Senior Administration Officials Lied To Trump About Troop Levels So He Wouldn\u2019t Pull Out Of Syria	
Alan Dershowitz Predicts Trump SCOTUS Win in Pennsylvania Ballot Case	
Trump puts Giuliani in charge of election lawsuits: report	
Poll: Media's hiding of Hunter Biden scandal robbed Trump of clear win	
Former Reddit CEO Wants Trump SIlenced Online to Stop \u2018A Coup\u2019	
How President Trump Surprised 'Million MAGA March' Participants	
Democratic congresswoman compliments way Trump 'doesn't talk down to people' unlike some 'woke' Democrats	
Kyle Rittenhouse's Mother Tears Into Joe Biden for Smearing Her Son as a White Supremacist	
A dark look into Biden's America: Norway criminalizes private criticism of LGTBQ people	
Jon Voight Condemns the 'Lie' of a Biden Win Amid America's 'Battle of Righteousness Versus Satan' -- Who would\u2019ve ever guessed one of the biggest supporters of the Republican Commander-in-Chief would be\u2026Brad Pitt\u2019s father-in-law?	
Biden Says He Is Considering Adding Metamucil To His Cabinet	
Pelosi vows to teach Trump-less McConnell a lesson despite shrunken House majority	
WATCH: CNN Runs Segment Comparing Trump To Nazis Purging Jews | The Daily Wire	
Family Income Rose Drastically Under Trump, Meaning His Economy Was Better Than Obama\u2019s	
Organization That Made Public Blacklist of Trump Supporters Shuts Down After Massive Backlash	
Watch Live: Pro-Trump Rally in Washington, DC	
Harmeet Dhillon: GOP Paid Millions to Lawyers Who Abandoned Trump	
Juliet Samuel: The American era is over if Biden abandons President Trump's toughness on China	
Pollsters Failed to Detect Trump Support from Educated Whites	
Trump campaign wins Pennsylvania lawsuit to block ballots that lacked ID	
Trump Confident He'll Get More Than 270 Electoral College Votes. 'Never Bet Against Me'	
Will Israel attack Iran before Trump leaves office? | Spectator USA	
Obama: 'Americans spooked by black man in White House' led to Trump presidency	
Twitter removes Lincoln Project post that doxxed lawyers representing Trump	
Trump's campaign drops Arizona results lawsuit - report	
Left-Wing Activist Group Launches Strategic Harassment Campaign Targeting Trump Election Lawyers	
Georgia's vote counting software suspected of having pro-Biden bug -- 'A curious thing happened' in Fulton County	
"Hillary in Aug.: \""Joe Biden should not concede under any circumstances. We've got to have a massive legal operation.\"""	
"Lori Lightfoot Defends Attending Joe Biden Street Parties But Calling for Canceling Thanksgiving: \""There are times when we actually do need to have relief and come together, and I felt like that was one of those times.\"""	
Michigan Judge Denies Trump Backers\u2019 Bid to Toss Detroit Votes	
Trump Team: Americans Owed a Fair Election. \u201cThey deserve to know that every legal vote is counted, and that every illegal vote is not counted.\u201d	
Cancel Culture has finally reached the courtroom: Trump campaign lawyers pressured to quit case in Pennsylvania	
Iran-backed Terrorist Groups in Iraq Cheer Prospect of Biden Presidency	
Alan Dershowitz Predicts Trump Will Win Pennsylvania Lawsuit | The Daily Wire	
Progress: Biden Administration To Apply 'Black Lives Matter' Decals To All Attack Drones	
Anti-Trump Lions in the Press Turn Into Cuddly Biden Kittens	
Trump: Might 'Stop By' DC Rallies for Election Integrity this Weekend	
Developing: Milwaukee Elections Chief Lost Elections Flash Drive In Morning Hours Of November 4th When Democrats Miraculously Found 120,000 Votes For Joe Biden	
Tucker Carlson on Biden Transition: 'Not an Incoming Presidential Administration --- A Corporate Takeover of the Country'	
Exit Polls showed military and veteran voters favored Trump to Biden 52-45. However, other polling suggests younger veteran voters preferred Biden 51-40. In 2016, veteran voters favored Trump over Clinton 60-34.	
Biden\u2019s Pentagon Transition Team Members Funded By The Arms Industry	
The lawless fantasy to oust all the election lawyers of Donald Trump	
Trump Admin. strikes deal to make COVID-19 vaccine free at major pharmacies and the MSM hasn't really covered this	
Biden Considers Hillary Clinton To Serve As US Envoy To United Nations	
Joe Biden announces Greta Thunberg will head Climate Change Task Force (Satire)	
Gov. Tate Reeves Signals Mississippi Wouldn\u2019t Comply with a Biden Mandatory Six-Week National Lockdown	
Lawyer behind Trump's legal campaign to win Pa. has a long history in Philly	
Biden Reveals New Plans For Space Force To Bomb Space Middle East (For The Space Oil)	
Obama: Paranoia about 'black man in White House' drove voters to Trump	
Biden considering Yellen as possible Treasury secretary: report	
Anarchist and anti-fascist groups planning to 'overwhelm' 'Million MAGA March' in DC \u2014 Trump hints at attending	
Examining the code, internet geeks conclude 'Trump's win was yuuuge'	
Can you really blame Trump supporters for refusing to accept the election result? | Spectator USA	
Ala. Sen.-elect Tommy Tuberville labels Biden a socialist | One America News Network	
Trump talks post-election fight: The bottom line: No matter what news organizations have projected, Trump says he's confident he will win the states needed to get to 270 electoral votes. He quickly ran through the situation in six states.	
Amend the constitution to prevent another President Trump. FFS.	
Trump Signs New Executive Order Targeting Investments in Chinese Companies -- Specifically bars US investment in companies with ties to China's military.	
"Biden Administration to target Domestic \""Terrorism\"""	
Law firm Porter Wright withdraws from representing Trump in Pennsylvania case	
Joe Biden's Disastrous Record of Using 'Bold Federal Action' To Solve America's Problems	
More than two dozen Fortune 500 CEOs held a secret video conference to discuss collective action if Trump refuses to leave office, conducts mass firings in government or holds rallies which become 'seditious riots'	
Joseph Epstein: Donald Trump, the President His Detractors Loved to Hate	
L. Lin Wood Says 100% Trump will stay president and the legal evidence is overwhelming (22 mins in)	
Report: Biden Considering Hillary Clinton For UN Ambassador	
Beijing Is Called For Biden, The Big Guy Wins China	
Bill Galston: President Trump Remade His Party and the World	
Pentagon shake-up to help cement Trump's legacy, bringing troops home and taking out enemies, White House source says	
Judge sides with Trump, barring Pennsylvania from extending voter ID deadline -- A portion of mail-in ballots from voters who had failed to provide ID by Nov. 9 should not be counted.	
Pope Congratulates 'Deeply Devout' Catholic Biden, Who Calls Abortion an 'Essential Health Care Service'	
Democrat Senator Joe Manchin tweets that Democrats do not want to defund the police and do not have a socialist agenda and AOC tweets a photo of herself glaring at him during a SOTU speech by Trump.	
Pope Francis, Frequent Trump Critic, Congratulates Biden | The Daily Wire	
Mexico\u2019s President Declines to Acknowledge Biden as President-Elect	
The Real Resistance - The 70million people who voted for Trump are revolting against the new elites.	
Hispanic Networks Triggered by Mexican President Refusal to Acknowledge Biden as President-Elect	
The National Urging Plan: Biden Appears To Downgrade His Mask Pledge From A \u201cMandate\u201d To An \u201cUrging\u201d	
BREAKING: PA Judge Rules In Favor Of Trump Campaign, Says State MAY NOT Count Ballots Where Voters Failed To Provide Proof Of Identification	
Why President Trump Has A Strong Supreme Court Case To Contest Pennsylvania	
Joe Biden's COVID-19 board co-chair says US lockdown unlikely under new administration but pushed for targeted intervention, using the example of New York City's cracking down on hotspots by the zip code instead of enforcing citywide shutdowns.	
Outgoing Syria Envoy Admits Hiding US Troop Numbers; Praises Trump\u2019s Mideast Record	
Potential Biden Cabinet Pick a Frequent Guest on Chinese Propaganda Outlets	
Trump Campaign, Georgia GOP Highlight Major Concerns over Recount	
Trump lawyers withdraw from key Pennsylvania case challenging vote count	
Did Dominion Delete 2.7 Million Trump Votes?	
Biden set to roll back Trump rules on abortion funding, religious exemptions in ObamaCare	
Arizona Secretary of State Referred to Trump's 'Base' as 'Neo-Nazi' in 2017	
First black woman crowned Miss USA deemed \u2018gun-loving Trump fan\u2019 and the left can\u2019t handle	
Joe Biden\u2019s cancer charity spent more than $3.7million on staff salaries but distributed ZERO towards research grants over two years, tax filings reveal	
More Protective MAGA Helmets Now Available For Trump Supporters Brave Enough To Go Out In Public	
Biden Called Out For Silence As Leftists Attack Pro-Trump Demonstrators In Nation\u2019s Capital | The Daily Wire	
Twitter Claims Trump Conceded, He Counters: \u201cI concede NOTHING!\u201d	
Fauci Showed Breakthrough Pfizer COVID Vaccine Results To Biden Before Trump	
Elderly Trump supporter attacked, protesters shoot fireworks at diners, surround hotel of Million MAGA March attendees	
South Dakota Gov. Noem Won't Enforce Biden's Mask Mandate Tyranny	
Trump: Antifa Waited Until Most People Left MAGA Rally to Attack	
Sharyl Attkisson: Media plotted to destroy Trump, cover for Biden	
Professor: Trump rose because government hasn\u2019t served the people	
"Biden cancer \""charity\"" spent millions on salaries, zero on research"	
Georgia Senate candidate Raphael Warnock: People in US need to 'repent' for Trump and 'worship of whiteness'	
What\u2019s the most expensive tweet in Twitter history? I nominate Kathryn Murdoch\u2019s post-election tweet, \u201cWe did it!\u201d The corruption of Fox News triggers flashbacks to the fall of the former dissident website Drudge Report, which went full Never Trump.	
Watching the footage of all the violence against Trump supporters in DC got me like...	
Fury as Mayor tells Chicago to CANCEL Thanksgiving over Covid\u2026days after celebrating Biden win maskless in crowd	
Let's get ready to RATIOOO! Dems claiming Biden will 'restore the soul of this nation' as Biden supporters BEAT on Trump supporters in DC BACKFIRES	
Tax filings reveal Biden cancer charity spent millions on salaries, zero on research	
Maria Bartiromo: Don\u2019t censor her and don\u2019t call her a conspiracy theorist. She said she believes Trump was the victim of an attempted coup that began even before his election	
Why Trump supporters are here for good	
BLM Attacks Pro-Trump Black Woman Pushing Stroller after D.C. Rally	
Protesters Stomp on Trump Supporter's Head After D.C. Rally	
Sanders to Trump: \u2018Man-Up\u2019 and Say You Lost the Election	
'Far from over': 'MAGA' diehards pledge allegiance to Trump at Supreme Court	
Trump Lawyer Sidney Powell: 'We\u2019re Getting Ready to Overturn Election Results in Multiple States'	
After attacking them earlier in the streets, Antifa and BLM now harassing Trump supporters at restaurants and hotels in DC	
Joe Biden Promises to Raise Annual U.S. Refugee Target by 800%	
'I'm NOT Hunter Biden, lunchbox.' Dana Loesch takes down HORDE of frothy-mouthed, chest-thumping harpies trying to #FireGinaCarano	
Jon Meacham Fired By MSNBC for Failure to Disclose Writing Biden Speech He Praised On The Air	
Giuliani: Trump 'Far From' Conceding Election To Biden	
Confirmed: Biden Cancer Initiative Spent on Salaries -- and Little Else	
Biden COVID Advisory Board Member: Indoor Dining, Gyms, and Gatherings in Homes Should Be Targeted \u2018for Closures\u2019	
Trump: Georgia's Election Recount a 'Waste of Time' -- officials won't allow his campaign's observers to be in the counting rooms	
For First Time, Trump Says Biden \u2018Won,\u2019 But Again Claims \u2018Election Was Rigged\u2019 | The Daily Wire	
Antifa Goes Wild in D.C., Attacking Trump Supporters, Even Terrorizing Children and the Elderly	
Fox News Anchor Blows Up on Trump Spokeswoman as the Descent Continues	
CNN\u2019s Acosta Projecting: Trump Will Become Just \u2018Another Crackpot On The Internet\u2019 After Jan. 20 | The Daily Wire	
Massive Crowds March in DC to Show Support for Trump, Demand Election Integrity	
Leftists Violently Attack Trump Supporters In Nation\u2019s Capital Following \u2018MAGA March\u2019 | The Daily Wire	
Trump Card?	
Joe Biden promises to raise annual number of refugees admitted to US from 15,000 to at least 125,000	
Biden's 'I'm no Trump' campaign is not enough to govern	
Post-election announcement of vaccine ripped by White House -- Biden was notified of vaccine the night before while WH only learned through news reports.	
Violent Left Terrorizes DC: BLM Thug Holding \u201cTrump Pence Out Now!\u201d Sign Sucker Punches, Knocks Out White Male From Behind [VIDEOS]	
Trump Makes Appearance At \u2018Million MAGA March\u2019 In D.C. | The Daily Wire	
Gov. Kristi Noem won't comply with Biden face mask mandate: He 'doesn't have the authority'	
President Trump: COVID vaccine should be approved in coming weeks	
Million MAGA March: Supporters explain why they're still backing Trump	
Violence erupts in DC as counter-protesters assault Trump supporters	
'Ready To Help': Biden Spoke At PA Election Board Chairman's Party	
CNN\u2019s Acosta: Trump Will Become Just \u2018Another Crackpot On The Internet\u2019 After Jan. 20 | The Daily Wire	
Violence occurs after rally in the nation's capital; Trump calls out Antifa	
For those of you wondering, here's a podcast where Giuliani lays out current legal cases and the path remaining for Trump. Great listen!	
Biden Transition Official Believes the First Amendment Has a 'Design Flaw' -- His Remedy Is to Curb Free Speech	
Trump rails against Georgia recount process	
'Sigh of Relief': U.N. Joins Globalist Agencies to Await Biden Handouts	
Trump supporters protests turn into violent clashes with anti-demonstrators	
Pennsylvania Won't Need a Recount to Certify Biden Victory, State Says	
Biden\u2019s Media Campaign	
US election: Trump appears to admit Biden victory in tweet	
For President Trump, a larger fight endures after 2020 election	
DHS boss Chad Wolf defies Trump order to fire cyber chief Chris Krebs	
Lindsey Graham fires back after top Democrat demands no more hearings for Trump's judicial nominees	
PHOTOS: Donald Trump Thrills D.C. Supporter Rally with Motorcade Drive-By	
Pennsylvania Court Denies 5 Trump Campaign Legal Challenges	
"CHAOS As BLM Terrorize Trump Supporters: \u2018Radical Revolution Changes the World B*tch,\"" [VIDEO]"	
Logan Act: Communist China Congratulates Biden on 'Victory,' Opens Backchannel Talks	
Trump Campaign Asks Pennsylvania Federal Judge To Order State To Provide Information About Mailed-In Ballots	
Pennsylvania, Michigan, Wisconsin: Here's an Update on Team Trump's Lawsuits and Recounts	
(Clinton) Federal Judge Invalidates Trump Administration's DACA Rollback	
"\""Violence erupts in DC as counter-protesters fight Trump supporters\"""	
First African-American Miss USA distances herself from Trump after social media backlash.	
ANTIFA and BLM demonstrate Biden's UNITY by physically assaulting PEACEFUL Pro-Trump MAGA Marchers	
Durham\u2019s Lame Duck Period: Democratic Leaders Suggest A Dim Future For Biden-Related Investigations	
Cindy McCain Says Late Husband Would Want Country to \u2018Move on\u2019 and Support Joe Biden	
Law Firm Targeted by Cancel Culture Will No Longer Represent the Trump Campaign	
Trump leaves 2024 door open with fundraising push	
Victor Hansen: Will President Trump Ride Off Into the Sunset? (Shane...)	
Trump supporters descend upon Washington to defend the president Despite Defeat	
Trump walks back tweet saying Biden 'won' election	
Trump laying groundwork for full US troop withdrawal from Afghanistan before leaving office	
China Expert: Beijing Happy With Biden Win. \u201cI think China is very happy with how things turned out, because Beijing worked very hard to get the vice president elected\u201d by malicious and massive attacks on President Donald Trump through a public disinformation campaign.	
BREAKING: New Vaccine Developed In Conjunction With Trump\u2019s \u2018Operation Warp Speed\u2019 Is 94.5% Effective, Company Says	
Rand Paul Vows to Prevent Biden Lockdown -- 'We Can't Go on Like This Forever'	
Obama Compares Trump To Dictator During Interview, Gets Slammed Online For Hypocrisy | The Daily Wire	
Covid is so bad that Robert Reich wants to forget that pesky Constitution and just install Biden as President right now. No, I'm not kidding. This is a real tweet. Reich served in the Ford, Carter, Clinton and Obama administrations.	
If You Haven\u2019t Quit Watching FOX News Yet\u2026 Watch this Clip of Leland Vittert laughing at a Trump Spokeswoman	
1.7 Million Trump Votes Deleted By Dominion Voting System Nationwide.	
New federal lawsuit seeks to throw out 1.2 million votes in Michigan, flipping the state for Trump	
Israel Demands CNN Apology over Amanpour Likening Trump\u2019s Tenure to Nazi Germany	
Where's Biden? The silence from 'Mr. Unity' over violent attacks to Trump supporters is deafening	
Biden COVID Advisor: Those Older Than 75 Should Get Vaccines Last -- American's should be deeply troubled that a man Biden is looking to for advice on COVID is someone who hopes to die at 75 and has publicly supported rationing care for the elderly.	
The Real 'Authoritarian' Isn't Trump. It's The Left	
Joe Biden's Student Loan Debt Forgiveness Plan Will Cancel up to $50,000 per Student	
President Trump\u2019s Final 2020 Act Should Be Pulling U.S. Out From Endless Wars -- A reprioritization of America\u2019s strategic interests would cement the legacy of the first president in the era of great-power rivalry.	
Pollster: It's Curious How Biden Underperformed Hillary Clinton In Every City...Except These Four.	
\u201cModerna's coronavirus vaccine is 94.5 per cent effective, according to company data\u201d Trump REALLY wasn\u2019t lying..	
Forget Finding Fraud, Trump May Seek to Deny Biden 270 Electoral Votes, Put Election in Congress	
Biden Fills Economic Posts With Experts on Systemic Racism	
Bill O'Reilly Predicts 'Collapse' Of Cable News Networks Post-Trump	
Scoop: Trump plans last-minute China crackdown	
Emboldened by Biden, the Lockdown Fascists Return for Round 3. The political \u201cScience!\u201d leaders will all keep showing up to press conferences with their masks on so that we simple folk can bathe in the healing power of virtue-signalling.	
Obama Compares Trump to Dictator -- 'There Has Been a Sense' He Would 'Do Anything to Stay in Power'	
The Dominion software story keeps getting worse: the person in charge of the software\u2019s security, is an Antifa supporter and Trump hater	
Trump allies raising millions for new conservative TV network: report	
Outgoing Diplomat Admits Lying to President Trump About American Troop Numbers in Syria	
Biden\u2019s Tax Returns Prove He\u2019s a Scrooge When It Comes to Donating to Charity	
NASA boss Jim Bridenstine may resign if Joe Biden takes control of the White House, which would likely delay the 2024 Moon Landing and subsequent Mars colonization mission	
Trump Campaign Rejects Media Reports of Changed Pennsylvania Case	
Companies Are Preparing to Cut Jobs and Automate if Biden Gets $15 Minimum Wage Hike, Reporting Shows	
Obama, with a net worth of $70MM, calls Trump 'Richie Rich'	
Today Governor Cuomo threatened to sue the Trump administration if it moves ahead with its COVID-19 vaccine-distribution plan, which he called discriminatory \u2014 after the president threatened to move New York at the back of the line for getting the shot.	
Trump Allies Considering Raising $200 Million For Fox News Alternative | The Daily Wire	
Small-Town Trump Rally One Of Many Unreported By Corporate Media -- The corporate media gave little to no coverage of the organic Trump rallies that erupted in cities and towns across America in solidarity with the DC march.	
The U.S. Economy\u2019s Remarkable Recovery Continues As Biden Plans To Crush It	
Silicon Valley eager for Biden to reverse Trump visa rules, hire more immigrants	
Black Lives Matter And Antifa Assault Trump Supporters After DC March	
The 2020 election took place under a Trump-declared \u201cNational Emergency\u201d that set an Election Day trap for the \u201cunauthorized accessing of election and campaign infrastructure\u201d	
The inevitability of Trump 2024 - As long as there is an audience, he will go on	
The COVID Lockdown Rut. Biden\u2019s \u2018new\u2019 plan is more of the same insanity: life lived through our smartphones and screens.	
Dershowitz: Trump May Seek to Deny Biden 270 Electoral Votes, Put Election in Congress	
Peter Neffenger, chairman of the board of Smartmatic voting software used by Dominion is on Joe Biden's DHS transition team.	
Not-So-Magic Mike? Bloomberg Spent $100M in 3 Key States That Trump Still Won	
Leftist Goons Gruesomely Stomp on Trump Supporter\u2019s Head After MAGA Rally	
\u2018Things Are Going to Get Easier\u2019: E.U. Dreams of a Subservient U.S. Under Joe Biden	
If the election does go to the state legislators, that\u2019s where we all come in. Trump supporters have to put so much pressure on these legislators that they do what\u2019s right, not what\u2019s easy.	
WATCH: D.C. Cops Direct Trump-Supporters into Gauntlet of Protesters, Do Nothing When They Are Assaulted	
Gov. Cuomo: Trump Attacks Me Over COVID Vaccine Because 'He Doesn't Like That I Criticize Him' -- 'Typical Bully'	
Man Begs Internet To Stop Making Him Defend Trump	
Sanders 'Fully' Expects Biden to Back the Biden-Sanders Manifesto: 'These Are Not Far-Left Ideas'	
Trump attorney Rudy Giuliani claims presidential election will be \u2018overturned\u2019	
Jim Acosta: After January 20th, Trump Will Become 'Another Crackpot on the Internet' (How the hell does Acosta think that Trump will magically become Acosta after the swearing in?)	
Biden Campaign Operative, Texas State Senator Accused of Mail-in Ballot Fraud	
\u201cThe First Thing We Do\u201d: The Lawless Campaign To Harass Lawyers Representing The Trump Campaign	
Pelosi, Hoyer supposedly telling members not to join Team Biden	
House leaders urge Congressional Democrats not to join Biden administration because their majority will be razor thin	
James Woods exposes dozens of local news shows reading from the same (Biden) script	
Bernie pushes Biden to adopt socialism: Sanders says majority of Americans support a 'far-left agenda' - and he'd like a position in Joe's cabinet	
Democrats, Media Stand On The Graves Of European Jews To Hit Trump	
Was Election Software Rigged? Sidney Powell Lays Out the Trump Team's Findings.	
"Trump Campaign Files Suit, Asks Judge to Block PA From Certifying Election Results. Filing states that PA \""county officials illegally allowed voters to use deficient ballots to cast replacement absentee mail-in ballots\"""	
Trump coronavirus adviser Scott Atlas urges Michigan to 'rise up' against new Covid-19 measures	
A Post-Trump Foreign Policy Should Keep America First. Here\u2019s How -- Whenever Trump leaves office, Republicans should devote themselves to fleshing out elements of his agenda that went unfulfilled. Foremost among these should be foreign policy.	
Obama: Why Did Populist Republicans Rally Around 'Richie Rich' Trump?	
NY Post: How much research funding did Biden's cancer charity provide?	
Why did Donald Trump do better than expected in the U.S. election?	
Biden\u2019s Foolish Immigration Priorities	
Always Never Trump	
After Four Years of \u2018the Resistance,\u2019 Trump Is Right to Challenge the Election Results: If denying President Trump\u2019s legitimacy for the past five years was okay, why is taking this one to court suddenly a threat to democracy?	
Here's Why the Pollsters Underestimated the Trump Vote By So Much (1.5-minute audio clip from The All-In Podcast)	
Like My Friend Franz Kafka, I\u2019ve Got The Best COVID Rules For Joe Biden -- Restaurants must close at 10 p.m., except on Wednesdays, when they must close at 9 p.m., and Sundays, when they must close at 3 p.m. but cannot open until 4 p.m.	
The Grand New Party: Here\u2019s What\u2019s In Store For The Republican Party Without Trump At The Helm	
[An oldie but a goodie, and maybe our national future under Biden/Harris] Wisconsin\u2019s Shame: \u2018I Thought It Was a Home Invasion\u2019	
Cuomo threatens to sue Trump administration over vaccine distribution plan	
\u2018Bury Trump In A Nazi Graveyard,\u2019 Alec Baldwin Says | The Daily Wire	
Bolton: GOP Leaders Need to Explain to Trump Voters He Lost	
Ilhan Omar: Biden Won Because Of GOP \u2018Chaos\u2019 | The Daily Wire	
House leaders urge Democrats not to join team Biden to maintain majority	
CSPAN Clip: Biden describing the dying off and replacement of whites in America	
Fauci: Coronavirus Task Force Should Begin Meeting with Biden's Transition Team	
Biden wants mask mandates nationwide: \u2018We can save tens of thousands of lives	
'If you have to sleep with her, do it': a Hunter Biden-linked firm's pursuit of Russian money	
Biden Cancer Charity Spends Entire Budget On Salaries, Zero On Research	
Pro-Trump Wisconsin Lawyers Spike Election Lawsuit on Morning of Court Hearing	
Media Praise Joe Biden\u2019s \u2018Solid Catholic Faith\u2019	
Trump lashes out after campaign reportedly scraps key claim in Pennsylvania suit	
